<?xml version="1.0" ?>

<container xmlns="http://symfony.com/schema/dic/services"
           xmlns:xsi="http://www.w3.org/2001/XMLSchema-instance"
           xsi:schemaLocation="http://symfony.com/schema/dic/services http://symfony.com/schema/dic/services/services-1.0.xsd">

    <services>
        <service id="partkeepr.batchjob.execute" class="PartKeepr\BatchJobBundle\Action\ExecuteBatchJobAction">
            <argument type="service" id="api.data_provider"/>
            <argument type="service" id="api.iri_converter"/>
            <argument type="service" id="doctrine.orm.default_entity_manager"/>
            <argument type="service" id="doctrine_reflection_service.search_filter"/>
            <argument type="service" id="doctrine_reflection_service"/>
        </service>
    </services>
</container>
