<?xml version="1.0" ?>

<container xmlns="http://symfony.com/schema/dic/services"
           xmlns:xsi="http://www.w3.org/2001/XMLSchema-instance"
           xsi:schemaLocation="http://symfony.com/schema/dic/services http://symfony.com/schema/dic/services/services-1.0.xsd">

    <services>
        <service id="partkeepr.user_preference.get_preferences"
                 class="PartKeepr\AuthBundle\Action\GetPreferencesAction">
            <argument type="service" id="partkeepr.userservice"/>
            <argument type="service" id="partkeepr.user_preference_service"/>
            <argument type="service" id="api.serializer"/>
        </service>
        <service id="partkeepr.user_preference.set_preference" class="PartKeepr\AuthBundle\Action\SetPreferenceAction">
            <argument type="service" id="partkeepr.userservice"/>
            <argument type="service" id="partkeepr.user_preference_service"/>
            <argument type="service" id="api.serializer"/>
        </service>
        <service id="partkeepr.user_preference.delete_preference"
                 class="PartKeepr\AuthBundle\Action\DeletePreferenceAction">
            <argument type="service" id="partkeepr.userservice"/>
            <argument type="service" id="partkeepr.user_preference_service"/>
        </service>
        <service id="partkeepr.user.put" class="PartKeepr\AuthBundle\Action\PutUserAction">
            <argument type="service" id="api.data_provider"/>
            <argument type="service" id="api.serializer"/>
            <argument type="service" id="partkeepr.userservice"/>
        </service>
        <service id="partkeepr.user.post" class="PartKeepr\AuthBundle\Action\PostUserAction">
            <argument type="service" id="api.data_provider"/>
            <argument type="service" id="api.serializer"/>
            <argument type="service" id="partkeepr.userservice"/>
        </service>
        <service id="partkeepr.user.delete" class="PartKeepr\AuthBundle\Action\DeleteUserAction">
            <argument type="service" id="api.data_provider"/>
            <argument type="service" id="partkeepr.userservice"/>
            <argument type="service" id="partkeepr.user_preference_service"/>
        </service>
        <service id="partkeepr.auth.login" class="PartKeepr\AuthBundle\Action\LoginAction">
            <argument type="service" id="partkeepr.userservice"/>
            <argument type="service" id="api.serializer"/>
            <argument type="service" id="partkeepr.user_preference_service"/>
        </service>
        <service id="partkeepr.auth.change_password" class="PartKeepr\AuthBundle\Action\ChangePasswordAction">
            <argument type="service" id="partkeepr.userservice"/>
            <argument type="service" id="fos_user.util.user_manipulator"/>
            <argument type="service" id="security.encoder_factory"/>
            <argument type="service" id="fos_user.user_manager"/>
            <argument type="service" id="service_container"/>
        </service>
    </services>
</container>
