<?xml version="1.0" ?>

<container xmlns="http://symfony.com/schema/dic/services"
           xmlns:xsi="http://www.w3.org/2001/XMLSchema-instance"
           xsi:schemaLocation="http://symfony.com/schema/dic/services http://symfony.com/schema/dic/services/services-1.0.xsd">

    <parameters>
        <parameter key="security.authentication.manager.class">PartKeepr\AuthBundle\Security\Authentication\AuthenticationProviderManager</parameter>
        <parameter key="security.authentication.basic_entry_point.class">PartKeepr\AuthBundle\Security\EntryPoint\NullEntryPoint</parameter>
    </parameters>

    <services>
        <service id="partkeepr.userservice" class="PartKeepr\AuthBundle\Services\UserService">
            <argument type="service" id="security.token_storage"/>
            <argument type="service" id="doctrine.orm.entity_manager"/>
            <argument type="service" id="fos_user.util.user_manipulator"/>
            <argument type="service" id="fos_user.user_manager"/>
            <argument type="string">%partkeepr.users.limit%</argument>
        </service>
        <service id="partkeepr.user_preference_service" class="PartKeepr\AuthBundle\Services\UserPreferenceService">
            <argument type="service" id="doctrine.orm.entity_manager"/>
        </service>
    </services>
</container>
